0,0,key1,word of key 1
1,0,key2,word of key 2
2,0,key3,word of key 3
3,0,key4,word of key 4
4,0,key5,word of key 5
5,0,key6,word of key 6
6,0,key7,word of key 7
7,0,key8,word of key 8
8,0,key9,word of key 9
9,0,key10,word of key 10
10,0,key11,word of key 11
11,0,key12,word of key 12
12,0,key13,word of key 13
13,0,key14,word of key 14
14,0,key15,word of key 15
15,0,key16,word of key 16
16,0,key17,word of key 17
17,0,key18,word of key 18
18,0,key19,word of key 19
19,0,key20,word of key 20
20,0,key21,word of key 21
21,0,key22,word of key 22
22,0,key23,word of key 23
23,0,key24,word of key 24
24,0,key25,word of key 25
25,0,key26,word of key 26
26,0,key27,word of key 27
27,0,key28,word of key 28
28,0,key29,word of key 29
29,0,key30,word of key 30
30,0,key31,word of key 31
31,0,key32,word of key 32
32,0,key33,word of key 33
33,0,key34,word of key 34
34,0,key35,word of key 35
35,0,key36,word of key 36
36,0,key37,word of key 37
37,0,key38,word of key 38
38,0,key39,word of key 39
39,0,key40,word of key 40
40,0,key41,word of key 41
41,0,key42,word of key 42
42,0,key43,word of key 43
43,0,key44,word of key 44
44,0,key45,word of key 45
45,0,key46,word of key 46
46,0,key47,word of key 47
47,0,key48,word of key 48
48,0,key49,word of key 49
49,0,key50,word of key 50
50,0,key51,word of key 51
51,0,key52,word of key 52
52,0,key53,word of key 53
53,0,key54,word of key 54
54,0,key55,word of key 55
55,0,key56,word of key 56
56,0,key57,word of key 57
57,0,key58,word of key 58
58,0,key59,word of key 59
59,0,key60,word of key 60
60,0,key61,word of key 61
61,0,key62,word of key 62
62,0,key63,word of key 63
63,0,key64,word of key 64
64,0,key65,word of key 65
65,0,key66,word of key 66
66,0,key67,word of key 67
67,0,key68,word of key 68
68,0,key69,word of key 69
69,0,key70,word of key 70
